Graph,Title ,Visual Content,Description ,Comments,,GPT description ,,
AQA_Graph_001.png,Parallel Circuit with 3 bulb supplied by DC supply,"The diagram labelled Figure 9 is illustrated by the black lines which are the wire, the branches on the right are connected to circles that has a cross which are the bulbs. 
The right side of the imagage is the 3 branches that are connecteed in parallel. 
The grey box on the left is the power supply that provides 12V dc to the parallel circuit.","Parallel Circuit with 3 bulbs supplied by DC Supply: 
Lines in black colour represent wires and the branch off on the right to connect to circles with crosses in the middle to represent light bulbs.  There are 3 branches on the right side of the image are connected in parallel and are connected to the grey box on the left side of the image that acts as a power supply of 12V direct current to the parallel circuit. 
",,,"The diagram labelled Figure 1 shows a stroboscopic image of a bouncing ball illustrating its motion under gravity. Each white dot represents the ball‚Äôs position at equal time intervals as it falls and bounces from the floor. The path follows a series of parabolic arcs, with each bounce reaching a lower height, showing the loss of energy due to non-conservative forces such as heat and deformation. The spacing between the dots decreases as the ball ascends and increases as it falls, reflecting changes in velocity. The labelled line at the bottom marks the floor, providing a reference level for the impacts. The image demonstrates gravitational acceleration, energy dissipation, and the coefficient of restitution in a clear visual form.",,
AQA_Graph_002.png,Object falling and bouncing due to gravity ,"The diagram labelled Figure 1 captures the motion of a ball falling from a height and bouncing multiple times, with each white dot representing its position at equal time intervals. The ball follows a series of parabolic trajectories, illustrating gravitational acceleration and projectile motion. Each rebound reaches a lower height, revealing energy loss due to non-conservative forces like heat and deformation. The spacing between dots reflects changes in velocity, and the pattern offers a basis for analyzing time-of-flight, estimating the coefficient of restitution, and modeling energy dissipation.","Object falling and bouncing due to gravity: 
The diagram labelled Figure 1 captures the motion of a ball falling from a height and bouncing multiple times, with each white dot representing its position at equal time intervals. The ball follows a series of parabolic trajectories, illustrating gravitational acceleration and projectile motion. Each rebound reaches a lower height, revealing energy loss due to non-conservative forces like heat and deformation. The spacing between dots reflects changes in velocity, and the pattern offers a basis for analyzing time-of-flight, estimating the coefficient of restitution, and modeling energy dissipation.
",,,"The diagram labelled Figure 2 shows a circuit used to measure potential difference across resistors. A 1.62 V power supply provides energy to the circuit through a switch S. Two resistors, labelled 2.2 Œ© and 6.8 Œ©, are connected in series between points X and Y, while a voltmeter (V) is connected in parallel across the entire resistor combination. When the switch is closed, current flows through both resistors, and the voltmeter measures the total potential difference across them. The circuit demonstrates the relationship between resistance, current, and voltage, following Ohm‚Äôs law and showing correct parallel connection for voltage measurement.",,
AQA_Graph_003.png,Time it takes for a steel ball to fall and make contact with the switch,"This diagram labelled Figure 1 illustrates a experimental setup for measuring the time it takes a steel ball to fall a known vertical distance. The ball is initially held by an electromagnet at the top left of the image. When the switch is closed, the electromagnet releases the ball and simultaneously starts a timer. The ball falls through a vertical distance labeled ‚Äús‚Äù and triggers an impact switch at the bottom, which stops the timer upon contact. ","
Time it takes for a steel ball to fall and make contact with the switch:
This diagram labelled Figure 1 illustrates an experimental setup for measuring the time it takes a steel ball to fall a known vertical distance. The ball is initially held by an electromagnet at the top left of the image. When the switch is closed, the electromagnet releases the ball and simultaneously starts a timer. The ball falls through a vertical distance labeled ‚Äús‚Äù and triggers an impact switch at the bottom, which stops the timer upon contact.",,,"The diagram labelled Figure 3 is a plan view (not to scale) of a two-source interference experiment. A signal generator on the left connects via wires to two output points, P and Q, which are placed vertically along a line through point O. These act as coherent sources, likely loudspeakers or transducers, producing identical waves in phase. Dashed reference lines pass through O horizontally and vertically, marking alignment for measurements. On the right, two observation points A and B are shown along the dashed axes, representing detector positions where interference effects are observed. The setup allows measurement of constructive and destructive interference based on the path difference between the two sources.",,
AQA_Graph_004.png,Rod reaction to a magnetic field,"The diagram labelled Figure 5 illustrats a vertical rod standing on horizontal ground, intersected by Earth‚Äôs magnetic field lines that slant downward from left to right at an angle of 68¬∞ to the horizontal. The rod is 8.0 meters tall and oriented perpendicular to the ground, while the direction ""north"" is indicated to the left. This setup illustrates the inclination of Earth‚Äôs magnetic field and its interaction with a vertical conductor. ","Rod reaction to a magnetic field:
The diagram labelled Figure 5 illustrates a vertical rod standing on horizontal ground, intersected by Earth‚Äôs magnetic field lines that slant downward from left to right at an angle of 68¬∞ to the horizontal. The rod is 8.0 meters tall and oriented perpendicular to the ground, while the direction ""north"" is indicated to the left. This setup illustrates the inclination of Earth‚Äôs magnetic field and its interaction with a vertical conductor.
",,,"The diagram labelled Figure 4 shows a free-fall timing experiment designed to measure the time taken for a steel ball to fall a known distance s. The ball is initially held in place by an electromagnet connected to a circuit containing a switch and a battery. When the switch is closed, the electromagnet releases the ball and simultaneously starts a timer. At the bottom of the setup, an impact switch is positioned to stop the timer when the ball strikes it. The apparatus provides accurate timing for the falling motion, enabling calculation of gravitational acceleration using the relationship ( s = \frac{1}{2} g t^2 ). Labels identify the key parts: electromagnet, steel ball, impact switch, and electrical connections.",,
AQA_Graph_005.png,Charging and discharging of a capacitor,"The diagram labelled Figure 10 shows an oscilloscope display capturing the voltage waveform of a circuit when a switch, denoted as ""S,"" is closed. The waveform begins at a high voltage level, drops sharply to a low level, remains low briefly, then rises gradually in a curved fashion back to a high level, before dropping sharply again. This pattern reflects the dynamic response of the circuit to the switching event, likely involving capacitor charging or inductive behavior. The oscilloscope grid allows for precise measurement of voltage and time intervals.","
Charging and discharging of a capacitor:
The diagram labelled Figure 10 shows an oscilloscope display capturing the voltage waveform of a circuit when a switch, denoted as ""S,"" is closed. The waveform begins at a high voltage level, drops sharply to a low level, remains low briefly, then rises gradually in a curved fashion back to a high level, before dropping sharply again. This pattern reflects the dynamic response of the circuit to the switching event, likely involving capacitor charging or inductive behavior. The oscilloscope grid allows for precise measurement of voltage and time intervals.
",,,"The diagram labelled Figure 5 depicts the Earth‚Äôs magnetic field lines and their inclination relative to the horizontal ground. The field lines are shown as parallel diagonal arrows slanting downward towards the north, at an angle of 68¬∞ to the horizontal. A rod is suspended vertically at a height of 8.0 m, intersecting one of the field lines. The diagram shows that Earth‚Äôs magnetic field has both horizontal and vertical components, with the inclination (or dip angle) representing the angle between the field and the horizontal plane. The north direction is marked to the left, and the figure is labelled ‚Äúnot to scale‚Äù to indicate that spacing and height are schematic.",,
AQA_Graph_006.png,Velocity time graph of an object,"The diagram labelled Figure 1 presents a graph of speed (in m/s) versus distance (in meters), illustrating the motion profile of an object or vehicle over a 16,000-meter journey. The curve begins at the origin, rises steeply to a peak speed of approximately 450 m/s around the 6,000-meter mark, indicating a phase of rapid acceleration. Between 6,000 and 8,000 meters, the speed remains nearly constant, reflecting uniform motion. Beyond 8,000 meters, the speed gradually decreases, with a sharper decline after 12,000 meters, suggesting deceleration possibly due to braking, drag, or energy depletion. This graph effectively captures the three key phases of motion‚Äîacceleration, constant velocity, and deceleration.","
Velocity time graph of an object:
The diagram labelled Figure 1 presents a graph of speed (in m/s) versus distance (in meters), illustrating the motion profile of an object or vehicle over a 16,000-meter journey. The curve begins at the origin, rises steeply to a peak speed of approximately 450 m/s around the 6,000-meter mark, indicating a phase of rapid acceleration. Between 6,000 and 8,000 meters, the speed remains nearly constant, reflecting uniform motion. Beyond 8,000 meters, the speed gradually decreases, with a sharper decline after 12,000 meters, suggesting deceleration possibly due to braking, drag, or energy depletion. This graph effectively captures the three key phases of motion‚Äîacceleration, constant velocity, and deceleration.
",,,"The diagram labelled Figure 6 shows an experiment to measure the magnetic force between two parallel current-carrying wires. The upper part presents a simple circuit containing a cell, an ammeter (A), and a variable resistor for adjusting current. The lower part shows two horizontal wires, X and Y, placed parallel and separated by a small distance d. The upper wire (Y) carries current I downward, while the lower wire (X) carries current I upward. The lower wire is mounted on a pan balance, and its apparent weight changes due to the magnetic interaction between the wires. When currents flow in opposite directions, the wires repel, causing a measurable force that demonstrates Amp√®re‚Äôs force law. The experiment allows determination of the force per unit length between conductors.",,
AQA_Graph_007.png,gravitational potentials,"The diagram labelled Figure 2 illustrates how gravitational potential varies with distance from the centre of the Moon. It features three concentric arcs, each representing a specific radial distance and its corresponding gravitational potential value. At 2.23 √ó 10‚Å∂ m, the potential is -2.20 √ó 10‚Å∂ J/kg; at 2.58 √ó 10‚Å∂ m, it is -1.90 √ó 10‚Å∂ J/kg; and at 3.06 √ó 10‚Å∂ m, it is -1.60 √ó 10‚Å∂ J/kg. These increasingly less negative values indicate that gravitational potential becomes weaker (less binding) as distance from the Moon increases.","Gravitational potentials
The diagram labelled Figure 2 illustrates how gravitational potential varies with distance from the centre of the Moon. It features three concentric arcs, each representing a specific radial distance and its corresponding gravitational potential value. At 2.23 √ó 10‚Å∂ m, the potential is -2.20 √ó 10‚Å∂ J/kg; at 2.58 √ó 10‚Å∂ m, it is -1.90 √ó 10‚Å∂ J/kg; and at 3.06 √ó 10‚Å∂ m, it is -1.60 √ó 10‚Å∂ J/kg. These increasingly less negative values indicate that gravitational potential becomes weaker (less binding) as distance from the Moon increases.
",,,"The diagram labelled Figure 7 shows a graph of speed (m s‚Åª¬π) plotted against distance (m). The graph starts at the origin and rises steeply, showing the object accelerating uniformly until about 6000 m, where the speed reaches a maximum of approximately 450 m s‚Åª¬π. Beyond this point, the curve flattens, indicating constant speed for a short interval, before gradually descending, showing deceleration until the speed falls to zero at 16 000 m. The shape of the curve represents a typical velocity‚Äìdistance profile for a vehicle or projectile that accelerates to top speed, cruises, and then slows down to rest, illustrating energy transfer and motion analysis under changing forces.",,
AQA_Graph_008.png,Velocity time graph of an object but in minutes,"The diagram labelled Figure 5 presents a speed-time graph that illustrates the motion of an object over a 4-minute interval. The graph consists of three distinct linear segments: from 0 to 1 minute, the speed increases steadily from 15 m/s to 25 m/s, indicating uniform acceleration. Between 1 and 2.5 minutes, the speed remains constant at 25 m/s, representing a phase of uniform motion. From 2.5 to 4 minutes, the speed decreases linearly from 25 m/s to 10 m/s, showing uniform deceleration. This graph effectively captures the three fundamental phases of motion‚Äîacceleration, constant velocity, and deceleration","Velocity time graph of an object but in minutes:
The diagram labelled Figure 5 presents a speed-time graph that illustrates the motion of an object over a 4-minute interval. The graph consists of three distinct linear segments: from 0 to 1 minute, the speed increases steadily from 15 m/s to 25 m/s, indicating uniform acceleration. Between 1 and 2.5 minutes, the speed remains constant at 25 m/s, representing a phase of uniform motion. From 2.5 to 4 minutes, the speed decreases linearly from 25 m/s to 10 m/s, showing uniform deceleration. This graph effectively captures the three fundamental phases of motion‚Äîacceleration, constant velocity, and deceleration
",,,"The diagram labelled Figure 8 represents gravitational potential variation with distance from the Moon‚Äôs centre. Concentric curved lines show distances of 2.23 √ó 10‚Å∂ m, 2.58 √ó 10‚Å∂ m, and 3.06 √ó 10‚Å∂ m from the Moon, with corresponding gravitational potential values of ‚Äì2.20, ‚Äì1.90, and ‚Äì1.60 √ó 10‚Å∂ J kg‚Åª¬π. The solid semicircle represents the Moon, and the dashed arcs represent equipotential surfaces. The diagram is labelled ‚Äúnot to scale,‚Äù indicating that the spacing is schematic. The figure demonstrates how gravitational potential becomes less negative with increasing distance from the Moon, showing the weakening of gravitational attraction with radius.",,
AQA_Graph_009.png,??!!?? might be density or youngs modulus,"The diagram labelled Figure 5 illustrates the structural design of an unsharpened pencil through both end and side views. The end view shows an octagonal wooden body with a centrally embedded cylindrical graphite core, where the diameter of the core is marked as ""d"" and the width across the flat sides of the pencil is labeled ""w."" The side views confirm that both ends of the pencil are flat and that the graphite core runs symmetrically through the center of the wooden casing.",,,,"The diagram labelled Figure 9 shows a 12 V DC circuit with three lamps connected in parallel. On the left, a rectangular grey box represents the power supply, marked ‚Äú12 V dc.‚Äù Two connecting wires extend from the power source to a set of parallel branches on the right. Each branch contains a lamp, symbolised by a circle with a cross inside. The three branches share a common top and bottom connection, forming a parallel arrangement. This configuration ensures that each lamp receives the full 12 V supply independently, and if one lamp fails, the others remain lit. The diagram demonstrates the basic principle of parallel electrical connections in DC circuits.",,
AQA_Graph_010.png,Uncertainty Graph with Error Bars,"The diagram labelled Figure 2 presents a scatter plot showing the relationship between the variables t^2/s^2 on the x-axis and 2ùë†/ùëö on the y-axis. The x-axis ranges from approximately 0.14 to 0.30, while the y-axis spans from 1.2 to 3.0. Each data point includes both vertical and horizontal error bars, indicating measurement uncertainty in both variables. This visual representation suggests an experimental or analytical investigation, likely in a physics or engineering context, where the relationship between these derived quantities is being explored. The inclusion of error bars highlights the importance of precision and reliability in the data, making this graph a valuable tool for interpreting trends, validating models, or assessing the consistency of experimental results.","
Uncertainty Graph with Error Bars:
The diagram labelled Figure 2 presents a scatter plot showing the relationship between the variables t^2/s^2 on the x-axis and 2ùë†/ùëö on the y-axis. The x-axis ranges from approximately 0.14 to 0.30, while the y-axis spans from 1.2 to 3.0. Each data point includes both vertical and horizontal error bars, indicating measurement uncertainty in both variables. This visual representation suggests an experimental or analytical investigation, likely in a physics or engineering context, where the relationship between these derived quantities is being explored. The inclusion of error bars highlights the importance of precision and reliability in the data, making this graph a valuable tool for interpreting trends, validating models, or assessing the consistency of experimental results.
",,,"The diagram labelled Figure 10 shows a scatter graph used to analyse the relationship between the quantities ( 2s ) and ( t^2 ). The horizontal axis is labelled ( t^2 / \text{s}^2 ), ranging from 0.14 to 0.30, while the vertical axis is labelled ( 2s / \text{m} ), spanning from 1.2 m to 3.0 m. Data points are marked with crosses (√ó), each accompanied by vertical error bars, representing uncertainties in the measurements of ( 2s ). The plotted points form a generally positive linear trend, showing that ( 2s ) increases with ( t^2 ), consistent with the kinematic equation for constant acceleration, ( s = \tfrac{1}{2} a t^2 ). The gradient of the line of best fit through the data could be used to determine the acceleration due to gravity (g), making this a common experimental graph in free-fall investigations.",,
AQA_Graph_011.png,Projectile Motion of a golf ball,"The diagram labelled Figure 4 illustrates a golf ball being launched toward a sandpit wall with an initial velocity vector ùë¢ at an angle of 35¬∞ above the horizontal. The ball is shown at the moment of release, and the curved trajectory suggests classic projectile motion under gravity. The sandpit wall acts as an obstacle, implying that the ball‚Äôs path and final position depend on its initial speed and angle. Since the image is marked ‚Äúnot to scale,‚Äù precise distances and dimensions are not represented, but the setup is ideal for analyzing horizontal and vertical displacement, time of flight, and impact conditions.","Projectile Motion of a golf ball
The diagram labelled Figure 4 illustrates a golf ball being launched toward a sandpit wall with an initial velocity vector ùë¢ at an angle of 35¬∞ above the horizontal. The ball is shown at the moment of release, and the curved trajectory suggests classic projectile motion under gravity. The sandpit wall acts as an obstacle, implying that the ball‚Äôs path and final position depend on its initial speed and angle. Since the image is marked ‚Äúnot to scale,‚Äù precise distances and dimensions are not represented, but the setup is ideal for analyzing horizontal and vertical displacement, time of flight, and impact conditions.",,,"The diagram labelled Figure 11 shows the energy-level structure of a hydrogen atom, illustrating quantised electronic transitions. Four horizontal lines represent discrete energy levels (n = 1 to n = 4), with values given in electronvolts (eV): ‚Äì13.6 eV, ‚Äì3.4 eV, ‚Äì1.5 eV, and ‚Äì0.85 eV respectively. Vertical arrows marked A, B, and C represent possible electron transitions between these levels: A from ( n = 4 \to n = 3 ), B from ( n = 3 \to n = 2 ), and C from ( n = 2 \to n = 1 ). The diagram is labelled ‚Äúnot to scale‚Äù to indicate that the spacing between levels is illustrative. Each downward transition corresponds to the emission of a photon with energy equal to the difference between the two levels, demonstrating the principle of quantised energy emission in atomic spectra.",,
AQA_Graph_012.png,Energy levels of a hydrogen atom,"The diagram labelled Figure 3 visually presents the energy levels of a hydrogen atom using four horizontal lines, each representing a distinct energy levels: ùëõ=1, ùëõ=2, ùëõ=3, and ùëõ=4. These lines are spaced vertically to suggest increasing energy, with values marked as ‚àí13.6 eV, ‚àí3.4 eV, ‚àí1.5 eV, and ‚àí0.85 eV respectively. Three vertical arrows‚ÄîA, B, and C‚Äîindicate electron transitions between these levels: A from ùëõ=4 to ùëõ=3, B from ùëõ=3 to ùëõ=2, and C from ùëõ=3 to ùëõ=1. The arrows visually represent energy release during downward transitions, with arrow C spanning the greatest vertical distance, signifying the largest energy change.","Energy levels of a hydrogen atom:
The diagram labelled Figure 3 visually presents the energy levels of a hydrogen atom using four horizontal lines, each representing a distinct energy levels: ùëõ=1, ùëõ=2, ùëõ=3, and ùëõ=4. These lines are spaced vertically to suggest increasing energy, with values marked as ‚àí13.6 eV, ‚àí3.4 eV, ‚àí1.5 eV, and ‚àí0.85 eV respectively. Three vertical arrows‚ÄîA, B, and C‚Äîindicate electron transitions between these levels: A from ùëõ=4 to ùëõ=3, B from ùëõ=3 to ùëõ=2, and C from ùëõ=3 to ùëõ=1. The arrows visually represent energy release during downward transitions, with arrow C spanning the greatest vertical distance, signifying the largest energy change.
",,,"The diagram labelled Figure 12 illustrates a golf ball projection scenario, used to study projectile motion. A golf ball is shown resting on a horizontal surface and being launched at an angle of 35¬∞ to the horizontal with an initial velocity labelled u. In front of the ball is a sandpit wall, drawn as a vertical boundary, with the region to the right shaded to represent the sand. The annotation ‚Äúnot to scale‚Äù clarifies that spatial proportions are schematic. The figure demonstrates the trajectory of a projectile and how its motion depends on the initial launch speed, launch angle, and gravitational acceleration, allowing for the analysis of whether the ball can clear the obstacle based on its range and height equations.",,
AQA_Graph_013.png,Centripetal Force of a car banking a turn,"The diagram labelled Figure 8 shows an object situated on a gently inclined plane with a slope of 5.0¬∞ relative to the horizontal. The incline stretches 200 meters along its surface, and the object appears to be either stationary or in motion. Two force vectors are clearly illustrated: W, pointing vertically downward, represents the object's weight due to gravity; and N, perpendicular to the inclined surface, represents the normal contact force. The object is drawn with a solid base resting flush against the slope, and the vectors are cleanly angled to emphasize their directions relative to the incline. This setup is commonly used in physics to analyze force components acting on an object on an incline, including gravitational pull, normal reaction, and potentially friction or acceleration. If the object is part of a system involving curved motion‚Äîsuch as a vehicle banking along a track‚Äîthen centripetal force analysis may also apply, with the incline contributing to the inward force required for circular motion.","Centripetal Force of a car banking a turn:
The diagram labelled Figure 8 shows an object situated on a gently inclined plane with a slope of 5.0¬∞ relative to the horizontal. The incline stretches 200 meters along its surface, and the object appears to be either stationary or in motion. Two force vectors are clearly illustrated: W, pointing vertically downward, represents the object's weight due to gravity; and N, perpendicular to the inclined surface, represents the normal contact force. The object is drawn with a solid base resting flush against the slope, and the vectors are cleanly angled to emphasize their directions relative to the incline. This setup is commonly used in physics to analyze force components acting on an object on an incline, including gravitational pull, normal reaction, and potentially friction or acceleration. If the object is part of a system involving curved motion‚Äîsuch as a vehicle banking along a track‚Äîthen centripetal force analysis may also apply, with the incline contributing to the inward force required for circular motion.",,,"The diagram labelled Figure 13 shows a simple side view of a ball and hole setup on a horizontal surface. A ball is positioned on the left, and a hole is located on the right, separated by a horizontal distance of 1.3 m. The ball is shown as a filled circle, while the hole is represented as a vertical cut-out in the shaded surface. A dashed vertical line drops from the ball to the baseline, and an arrow indicates the horizontal surface between the two points. The annotation ‚Äúnot to scale‚Äù is provided. This diagram visually represents a rolling motion or trajectory problem, used in physics to analyse motion under uniform acceleration, projectile range, or kinetic energy transfer when the ball travels into the hole.",,
AQA_Graph_014.png,Moment of a inclined rod hanging by 2 strings,"The diagram labelled Figure 4 shows a right triangle with vertices A, B, and C, where point A forms the right angle and is positioned at the top of the structure. A steel cable is attached vertically above point A, suggesting that the triangle is suspended or under tension at that point. The base BC is shaded and lies horizontally, possibly representing a structural beam. Vertical dashed lines extend upward from points B and C, forming angles of 53¬∞ with side AB and 37¬∞ with side AC, respectively. These angles are critical for resolving force components and analyzing the tension in the cable or the moments acting about the structure. The setup implies a statics problem where the triangle is in equilibrium, and the forces along AB and AC must be decomposed using trigonometric relationships to determine how the load is distributed and how much tension the cable must support. ","Moment of an inclined rod hanging by 2 strings
The diagram labelled Figure 4 shows a right triangle with vertices A, B, and C, where point A forms the right angle and is positioned at the top of the structure. A steel cable is attached vertically above point A, suggesting that the triangle is suspended or under tension at that point. The base BC is shaded and lies horizontally, possibly representing a structural beam. Vertical dashed lines extend upward from points B and C, forming angles of 53¬∞ with side AB and 37¬∞ with side AC, respectively. These angles are critical for resolving force components and analyzing the tension in the cable or the moments acting about the structure. The setup implies a statics problem where the triangle is in equilibrium, and the forces along AB and AC must be decomposed using trigonometric relationships to determine how the load is distributed and how much tension the cable must support.",,,"The diagram labelled Figure 14 shows a triangular arrangement of forces in equilibrium, representing a rigid beam or bar suspended by a steel cable. The point A is the junction where the cable attaches vertically, forming a right angle between two supporting segments leading to points B and C. Angles of 53¬∞ and 37¬∞ are marked at B and C respectively, measured from the vertical dashed lines on each side. The grey shaded segment between B and C represents the horizontal beam. The diagram shows that the forces in the system are balanced, forming a right-angled triangle of tensions, and is likely used to calculate tension in the cable or the horizontal and vertical components of force at equilibrium.",,
AQA_Graph_015.png,??!!?? might be projectile motion,"The diagram labelled Figure 3 shows a side view of a ball positioned on a horizontal surface, 1.3 metres away from a hole. The ball is illustrated as a solid circle on the left, while the hole is depicted on the right as a vertical drop in the surface, with a dashed circle indicating the intended landing spot. The surface is marked ‚Äúhorizontal,‚Äù and the note ‚Äúnot to scale‚Äù suggests that proportions are illustrative rather than precise. Visually, the setup implies a motion scenario‚Äîpossibly involving rolling, sliding, or projectile dynamics‚Äîwhere the ball is expected to reach the hole across the given distance.",,,,"The diagram labelled Figure 15 illustrates a vehicle on an inclined plane of 5¬∞, used to analyse the components of forces on a slope. A car is drawn near the top of the slope, with the plane shaded in grey and the horizontal ground indicated by a solid baseline. The angle of inclination (5¬∞) is marked between the slope and the horizontal. Two force vectors are shown acting on the car: N, the normal reaction force perpendicular to the surface, and W, the weight acting vertically downward. The horizontal distance of 200 m is labelled beneath the slope. This setup allows resolution of forces parallel and perpendicular to the incline to study motion, equilibrium, or acceleration down the slope.",,
AQA_Graph_016.png,??!!?? not sure,"The diagram labelled Figure 2 visually depicts a spacecraft in descent with a parachute deployed at its rear, moving from left to right as indicated by an arrow labeled ""direction of travel."" The spacecraft is drawn with a streamlined body, and the parachute appears as a wide, curved canopy trailing behind it, suggesting full deployment. Surrounding both the parachute and the spacecraft are multiple arrows labeled ""displacement of gas,"" which curve outward and backward, illustrating how atmospheric gases are pushed aside due to the motion. These arrows vary in length and orientation, emphasizing turbulent flow and drag effects.",,,,"The diagram labelled Figure 16 shows an apparatus involving two pulleys and a camera system positioned between them, labelled not to scale. Two inclined cables pass over pulleys at either end, forming angles of 35¬∞ on the left side and 12¬∞ on the right relative to the horizontal. Points A and B mark the positions of the lower ends of each incline, with a camera located centrally between them. The dashed horizontal line indicates the reference plane for measuring angles. This setup represents a tethered motion or tracking system, likely used in an experiment to study forces or tension in cables, or to analyse the geometry of triangulation in optical measurement.",,
AQA_Graph_017.png,Stopping potential of a photon,"The graph labelled Figure 2 presents a smooth, upward-curving plot that illustrates the relationship between current (I) in microamperes and voltage (V) in volts, spanning from approximately ‚àí1.5 V to +1.5 V along the x-axis. The y-axis ranges from 0 to 30 ŒºA, with the curve starting at the origin and remaining flat near zero current for negative voltages. As the voltage approaches zero, the curve begins to rise sharply, forming a steep incline that eventually levels off into a horizontal plateau near 30 ŒºA, indicating saturation. A distinct point where the curve intersects the x-axis is labeled as the stopping potential, visually marked as the threshold beyond which photoelectrons begin to contribute to measurable current. The overall shape of the graph resembles a sigmoid curve, emphasizing the transition from no electron flow to full saturation. This visual representation is characteristic of the photoelectric effect, where photon energy liberates electrons from a material, and the stopping potential reflects the minimum voltage needed to halt the most energetic photoelectrons.","Stopping potential of a photon:
The graph labelled Figure 2 presents a smooth, upward-curving plot that illustrates the relationship between current (I) in microamperes and voltage (V) in volts, spanning from approximately ‚àí1.5 V to +1.5 V along the x-axis. The y-axis ranges from 0 to 30 ŒºA, with the curve starting at the origin and remaining flat near zero current for negative voltages. As the voltage approaches zero, the curve begins to rise sharply, forming a steep incline that eventually levels off into a horizontal plateau near 30 ŒºA, indicating saturation. A distinct point where the curve intersects the x-axis is labeled as the stopping potential, visually marked as the threshold beyond which photoelectrons begin to contribute to measurable current. The overall shape of the graph resembles a sigmoid curve, emphasizing the transition from no electron flow to full saturation. This visual representation is characteristic of the photoelectric effect, where photon energy liberates electrons from a material, and the stopping potential reflects the minimum voltage needed to halt the most energetic photoelectrons.
",,,"The diagram labelled Figure 17 shows a tyre assembly with two orthogonal views ‚Äî a side view and a front view. In the side view, the outer ring labelled tyre surrounds an inner circular structure labelled rim, with measurements showing an overall diameter of 660 mm and a rim diameter of 330 mm. The front view to the right shows a rectangular outline representing the tyre‚Äôs width of 370 mm. This technical diagram illustrates the dimensional proportions of a vehicle tyre, allowing for calculations involving circumference, rotational velocity, or contact area, and distinguishing the rim from the rubber outer section.",,
AQA_Graph_018.png,pulleys and tension,"The diagram labelled Figure 6 presents a mechanical setup involving two pulleys, a suspended camera, and two angled cables, all arranged on a horizontal plane and marked ‚Äúnot to scale.‚Äù The camera hangs centrally between two anchor points labeled A and B, with cables extending from the camera to each pulley. The left cable passes through point A and over a pulley at an angle of 35¬∞ above the horizontal, while the right cable passes through point B and over another pulley at a shallower angle of 12¬∞. Visually, the cables form a V-shaped configuration, with the camera suspended at the lowest point. The angles suggest asymmetrical tension forces, with the steeper left cable likely bearing more vertical load. This setup is ideal for analyzing static equilibrium, where the sum of vertical and horizontal force components must balance. The tension in each cable can be resolved using trigonometric relationships, making this a classic problem in engineering mechanics involving force decomposition, vector analysis, and equilibrium conditions.","pulleys and tension:
The diagram labelled Figure 6 presents a mechanical setup involving two pulleys, a suspended camera, and two angled cables, all arranged on a horizontal plane and marked ‚Äúnot to scale.‚Äù The camera hangs centrally between two anchor points labeled A and B, with cables extending from the camera to each pulley. The left cable passes through point A and over a pulley at an angle of 35¬∞ above the horizontal, while the right cable passes through point B and over another pulley at a shallower angle of 12¬∞. Visually, the cables form a V-shaped configuration, with the camera suspended at the lowest point. The angles suggest asymmetrical tension forces, with the steeper left cable likely bearing more vertical load. This setup is ideal for analyzing static equilibrium, where the sum of vertical and horizontal force components must balance. The tension in each cable can be resolved using trigonometric relationships, making this a classic problem in engineering mechanics involving force decomposition, vector analysis, and equilibrium conditions.
",,,"The diagram labelled Figure 18 shows a spacecraft descending with a parachute, demonstrating the principle of aerodynamic drag during re-entry. A spacecraft is attached by suspension lines to a large parachute canopy above it. Arrows indicate the direction of travel (downward and to the left) and displacement of gas around the system, showing airflow deflection caused by the parachute. The canopy shape suggests that air resistance opposes motion, reducing velocity. The figure visually explains how air resistance and drag forces act to slow the spacecraft‚Äôs descent, balancing gravitational force during controlled deceleration.",,
AQA_Graph_019.png,??!!?? Not sure,"The diagram labelled Figure 2 presents two views of a wheel assembly, specifically a tyre mounted on a rim. On the left, the side view shows the circular profile of the wheel, with the inner rim featuring spokes and the outer tyre forming a thick ring around it. Two measurements are indicated: 330 mm, likely representing the radius from the center to the outer edge of the tyre, and 660 mm, the full diameter of the wheel. On the right, the front view displays the wheel as a wide rectangle, emphasizing its 370 mm width across the tyre tread. Visually, the side view captures the rotational symmetry of the wheel, while the front view highlights its contact surface with the ground.",,,,"The diagram labelled Figure 19 shows a current‚Äìvoltage (I‚ÄìV) graph for the photoelectric effect experiment. The horizontal axis is labelled V / V (potential difference in volts), ranging from ‚Äì1.5 V to +1.5 V, and the vertical axis is labelled I / ŒºA (photoelectric current in microamperes), ranging from 0 to 30 ŒºA. The curve starts near zero current at approximately ‚Äì1.5 V, marked as the stopping potential, and rises steeply through the origin before plateauing near 30 ŒºA at positive voltages. The graph demonstrates that increasing the potential difference beyond the stopping potential does not increase current, illustrating the photoelectric saturation and confirming that emitted electron energy depends on photon frequency rather than light intensity.",,
AQA_Graph_020.png,Projectile motion of a golf ball,"The diagram labelled Figure 5 visually illustrates the projectile motion of a golf ball launched from ground level with an initial velocity ùë¢ at an angle of 35¬∞ above the horizontal. The ball‚Äôs path is shown as a smooth, curved dashed line that arcs upward and forward, ultimately landing at a point marked X atop a raised sandpit wall. The sandpit wall is depicted with a gentle, curved incline leading to point X, suggesting a natural barrier or elevated target. The launch angle and trajectory are central to analyzing the motion, with the diagram emphasizing the parabolic nature of the path. This setup is ideal for exploring key principles of kinematics, such as horizontal and vertical displacement, time of flight, and the influence of launch angle on range and height. The presence of the obstacle introduces an additional layer of complexity, requiring precise calculations to determine whether the ball reaches or clears the wall at point X.",,,,"The diagram labelled Figure 20 shows two semicircular metal plates positioned with a narrow air gap between them, mounted on a spindle. One plate is fixed, while the other is a rotatable plate, able to pivot about the spindle axis as indicated by an arrow. The small gap of air separates the two conducting surfaces, and the variable overlap of the plates can change the capacitance between them. The figure represents a variable capacitor, commonly used in tuning circuits, where the capacitance depends on the angle Œ∏ through which the rotatable plate is turned.",,
AQA_graph_021.png,Two signal emitters connected to a signal generator with two signal recieving points.,"The diagram labelled Figure 3 is a plan view (not to scale) showing an experimental setup involving a signal generator connected to two output points, P and Q, which are placed vertically along a line through point O. From these points, the apparatus is aligned so that O lies at the intersection of two dashed reference lines extending horizontally and vertically across the diagram. On the right-hand side of the figure, along the horizontal dashed line, there are two points marked A and B, each enclosed by a small circular or oval outline. These represent detectors or receivers positioned at different points in the wave field generated by the sources at P and Q. Point A lies directly to the right of O, while point B is vertically above A along the other dashed reference line. The signal generator, shown as a rectangular box on the left, provides an alternating output signal to both sources P and Q, which are likely loudspeakers or transducers producing coherent waves (sound or microwaves). The equal wiring connections indicate that both sources receive the same signal and therefore emit waves of the same frequency and phase. This arrangement represents a two-source interference experiment, where the waves from P and Q overlap, creating regions of constructive and destructive interference at different positions along the plane ‚Äî particularly at points like A and B. Measurements at these points would show variations in signal amplitude depending on the path difference between the two sources. The dashed construction lines mark the reference axes used to measure these positions relative to the midpoint O, helping to analyse the geometry of the interference pattern.","
Two signal emitter connected to signal generator with two signal receivers to replicate double slit experiment : 
The diagram labelled Figure 3 shows a an experieOn the left side of the image, the rounded rectangle on the left is the signal generator, attatched to it are two circuits that power the two signal generators P and Q. Signal generator P is connected 180 degrees out of phase to signal generator Q. On the right side of the image, signal reciever A is placed at distance OA from the midpoint of P and Q represented by O. Signal reciever B is placed at distance AB perpendicular to OA from signal receiver A.
",,,"The diagram labelled Figure 3 shows a circuit setup used to produce and detect sound waves. A signal generator is connected to two loudspeakers P and Q, which are aligned vertically and emit sound in phase. Point O marks the midpoint between them, lying on the line joining their centres. Two microphones, labelled A and B, are positioned to the right of O along perpendicular dashed reference lines. The setup is labelled ‚Äúplan view ‚Äì not to scale‚Äù. This arrangement is typically used to investigate interference of sound waves, allowing the measurement of wavelength and path difference using the positions of constructive and destructive interference detected by the microphones.",,
AQA_graph_022.png,A graph plotting intensity against wavelength.,"The diagram labelled Figure 2 shows a spectrum graph displaying how the intensity of light varies with wavelength. The horizontal axis represents wavelength in nanometres (nm), ranging from 300 nm to 700 nm, covering the ultraviolet to visible light region. The vertical axis shows intensity in arbitrary units, increasing from 0.0 at the bottom to 1.0 at the top. A continuous black line traces the variation of intensity across the wavelength range, forming a series of sharp peaks and troughs. These peaks correspond to specific wavelengths where the emission is strongest, indicating distinct spectral lines produced by the source. The tallest peaks occur around the shorter wavelengths (approximately 380‚Äì420 nm), showing that the source emits most strongly in the violet‚Äìblue region of the spectrum. Two of the peaks are marked X and Y, with Y being the highest, located just to the right of X. Their close spacing suggests they arise from two neighbouring transitions of similar energy. Several other smaller peaks appear at higher wavelengths around 470 nm, 520 nm, and 650 nm, representing weaker emission lines in the green and red parts of the spectrum. The graph overall indicates that the light source emits discrete wavelengths rather than a continuous spectrum, characteristic of a gas discharge or atomic emission process. The positions and relative heights of the peaks can be used to identify the element or elements present, while the grid background provides precise wavelength measurement for comparison against known spectral data.",,,,"The diagram labelled Figure 2 presents a graph of intensity against wavelength, used to analyse spectral emission. The horizontal axis is labelled wavelength / nm (ranging from 300 nm to 700 nm) and the vertical axis is labelled intensity / arbitrary units (from 0.0 to 1.0). The trace shows a series of distinct peaks, with two large adjacent peaks marked X and Y near 400 nm. These correspond to strong spectral lines emitted by the source. The smaller peaks at longer wavelengths indicate weaker emissions. The graph demonstrates the discrete nature of atomic spectra, with each peak representing a photon wavelength associated with a quantised electron transition.",,
AQA_graph_023.png,A mechanical with a spindle connecting to a rotatable plate adjacent to a fixed plate separated by an air gap.,"The diagram labelled Figure 1 shows a rotating-plate capacitor consisting of two semicircular metal plates separated by an air gap. The fixed plate is stationary, while the rotatable plate is mounted on a spindle, allowing it to pivot about its central axis. The spindle is represented as a cylindrical rod extending outward from the plates, and an arrow around it indicates the direction of rotation. Between the two plates, a small air gap is maintained, which acts as the dielectric medium of the capacitor. As the rotatable plate turns, the overlapping area between the two semicircular plates changes. This variation is represented by the angle Œ∏ (theta), which measures the angular displacement of the rotatable plate relative to the fixed one. When Œ∏ increases or decreases, the effective capacitance of the system changes because capacitance is directly proportional to the overlapping area and inversely proportional to the separation (the air gap). Therefore, by adjusting Œ∏, the capacitance can be varied smoothly without altering the physical spacing between the plates. This type of mechanism is commonly used in variable capacitors for tuning circuits, such as in radios or oscillators, where precise control of capacitance is required. The illustration clearly highlights the mechanical relationship between the plates, spindle, and air gap that allows continuous adjustment of the electrical property.",,,,"The diagram labelled Figure 1 shows a rotating-plate capacitor consisting of two semicircular metal plates separated by an air gap. The fixed plate is stationary, while the rotatable plate is mounted on a spindle, allowing it to pivot about its central axis. The spindle is represented as a cylindrical rod extending outward from the plates, and an arrow around it indicates the direction of rotation. Between the two plates, a small air gap is maintained, which acts as the dielectric medium of the capacitor. As the rotatable plate turns, the overlapping area between the two semicircular plates changes. This variation is represented by the angle Œ∏ (theta), which measures the angular displacement of the rotatable plate relative to the fixed one. When Œ∏ increases or decreases, the effective capacitance of the system changes because capacitance is directly proportional to the overlapping area and inversely proportional to the separation (the air gap). Therefore, by adjusting Œ∏, the capacitance can be varied smoothly without altering the physical spacing between the plates. This type of mechanism is commonly used in variable capacitors for tuning circuits, such as in radios or oscillators, where precise control of capacitance is required. The illustration clearly highlights the mechanical relationship between the plates, spindle, and air gap that allows continuous adjustment of the electrical property.",,
AQA_graph_024.png,,"The diagram labelled Figure 6 illustrates an experimental setup used to investigate the magnetic force between two parallel current-carrying wires. The figure is divided into two sections: an electrical circuit schematic at the top and a physical apparatus diagram below it. In the top section, the circuit consists of a cell or power supply, an ammeter (A) for measuring current, and a variable resistor or rheostat symbol, allowing the current in the circuit to be adjusted. This setup provides a controllable direct current (I) that is supplied to the two wires in the lower diagram. In the lower section, two parallel horizontal wires, labelled wire X and wire Y, are shown. The lower wire (X) is mounted on a pan balance, represented at the bottom of the figure, while the upper wire (Y) is suspended a small vertical distance d above it. Both wires are of equal length L and carry identical currents I, but in opposite directions, as indicated by the arrows ‚Äî current flows to the right through wire X and to the left through wire Y. The two wires are connected via terminal blocks at each end, which ensure electrical contact and mechanical support. The pan beneath the lower wire measures small changes in apparent weight caused by the magnetic interaction between the wires. When currents flow in opposite directions, the wires repel each other, and this force slightly alters the reading on the balance. By adjusting the current with the variable resistor and recording the change in balance reading, the experiment can be used to calculate the force per unit length (F/L) between the wires, given by the magnetic interaction equation  The setup demonstrates the magnetic force between current-carrying conductors, a fundamental principle used to define the ampere and to explore the relationship between current, distance, and magnetic field strength.",,,,"The diagram labelled Figure 6 shows an apparatus for measuring the force between two parallel current-carrying wires. The upper part of the circuit includes an ammeter, a variable resistor, and a battery. The lower part depicts two horizontal wires X and Y separated by a distance d, with wire X supported on a pan balance via terminal blocks. The current I flows in opposite directions in the two wires. The lower wire Y exerts a magnetic force on wire X*, causing a measurable change in mass reading g. The arrangement is used to determine the magnetic force per unit length and verify the Amp√®re‚Äôs force law.",,
AQA_graph_025.png,,"The diagram labelled Figure 2 shows an electrical circuit used to measure the potential difference across two resistors connected in series. On the left side of the diagram, there is a power supply with an electromotive force (emf) of 1.62 V, represented by a cell symbol with its positive terminal at the top. A switch S is connected in series with the power supply, allowing the circuit to be opened or closed to control the flow of current. From the positive terminal of the cell, a wire leads to point X on the right-hand side of the circuit, where two resistors are connected vertically in series. The upper resistor has a resistance of 2.2 Œ©, and the lower resistor has a resistance of 6.8 Œ©, joined end-to-end between points X and Y. A voltmeter, symbolised by a circle with the letter V, is connected in parallel across the two resistors ‚Äî between the top junction (at point X) and the bottom junction (at point Y). This placement allows it to measure the potential difference across the entire resistor combination. The negative terminal of the power supply is connected to point Y, completing the circuit. When the switch S is closed, current flows from the positive terminal of the 1.62 V supply through the resistors, creating a voltage drop across them that the voltmeter measures. Since the resistors are in series, the same current passes through both, and the total resistance of the pair is the sum of their individual values (2.2 Œ© + 6.8 Œ© = 9.0 Œ©). The setup demonstrates the application of Ohm‚Äôs law and basic principles of series resistor combinations and voltage measurement, where the voltmeter must be connected in parallel to correctly record the total potential difference across both resistors.",,,,"The diagram labelled Figure 2 shows an electrical circuit containing a power supply of 1.62 V emf, a switch S, a voltmeter V, and two resistors of 2.2 Œ© and 6.8 Œ© connected in series between terminals X and Y. The voltmeter is connected in parallel with the combination to measure the potential difference across the resistors. When the switch is closed, current flows through the resistors, and the voltmeter reading can be used to verify Ohm‚Äôs law or determine the total resistance in the circuit.",,
AQA_graph_026.png,,"The diagram labelled Figure 5 shows a graph of potential difference (V) plotted against current (I), illustrating the relationship between these two electrical quantities in an experimental setup. The horizontal axis is labelled I / A, representing current in amperes, and spans from 0.70 A to 1.10 A. The vertical axis is labelled V / V, representing potential difference in volts, and ranges from 0.10 V to 0.70 V. Each plotted point on the graph is marked with an ‚Äò√ó‚Äô symbol and includes a vertical error bar, indicating the uncertainty in the measured voltage values. The data points form a clear downward trend, showing that as the current increases, the voltage decreases. This inverse relationship suggests that the component or circuit under test exhibits internal resistance or a non-ohmic behaviour, where the potential difference drops due to increased current flow or energy losses within the source. The slope of the graph can be used to determine the internal resistance (r) and electromotive force (Œµ) of the power source if the data represents a cell or battery under load, based on the equation  In this case, the straight-line portion of the data implies a linear relationship consistent with that equation ‚Äî the negative gradient corresponds to the internal resistance, while the extrapolated intercept on the voltage axis gives the emf of the source. Overall, Figure 5 provides an experimental visualisation of how voltage varies with current in an electrical circuit, with the inclusion of error bars indicating that measurement uncertainties were accounted for, improving the reliability and precision of the analysis.",,,,"The diagram labelled Figure 5 shows a graph of V against I, displaying experimental results with uncertainty bars. The horizontal axis is labelled I / A (from 0.70 A to 1.10 A) and the vertical axis is labelled V / V (from 0.10 V to 0.70 V). Data points are plotted with vertical error bars and follow a downward linear trend, indicating that voltage decreases as current increases. This behaviour suggests the presence of internal resistance within a power source. The gradient of the line of best fit would give ‚Äìr (internal resistance), and the intercept would give the emf Œµ of the cell.",,
AQA_graph_027.png,,,,,,"The diagram labelled Figure 1 shows a force‚Äìextension graph for a material under tensile stress. The horizontal axis is labelled extension, and the vertical axis is labelled force. The graph rises steeply and linearly from the origin, then curves gradually, flattening near the top at a point marked A. The linear region represents Hooke‚Äôs law behaviour, where force is proportional to extension. Beyond this point, the curve deviates as the material undergoes plastic deformation, and point A marks the elastic limit or yield point.",,
AQA_graph_028.png,,,,,,"The diagram labelled Figure 2 shows a circular protractor setup used to study refraction of light through a transparent block. The protractor scale is labelled in degrees around its edge, with the incident ray drawn entering the block at an angle. The outline of the transparent semicircular block is shown with a dashed line. Points A and B are marked outside the block to indicate measured ray positions. The setup allows determination of angles of incidence and refraction, supporting Snell‚Äôs law by comparing sin i and sin r.",,
AQA_graph_029.png,,,,,,"The diagram labelled Figure 3 shows a zip-line system used to model tension in supporting cables. Two towers or poles, labelled A and B, are connected by cables meeting at a point P, where a load or pulley is suspended. The cable from A slopes downward to P, while the cable from B slopes upward. The setup demonstrates the equilibrium of forces on the load at P, where the tensions in the two cables balance the weight. It is commonly used to calculate resultant tension forces and angles in static equilibrium problems.",,"The diagram labelled Figure 29 shows a golf-ball trajectory similar to an earlier figure but extended to show the full parabolic path. The golf ball is launched from the ground at an angle of 35¬∞ with initial velocity u, rising along a dashed parabolic path towards a point X at the top of a sandpit wall. The shaded region represents the sandpit. The annotation ‚Äúnot to scale‚Äù indicates schematic proportions. The diagram illustrates projectile motion, showing how the initial velocity components, angle of projection, and gravitational acceleration determine the maximum height and range of the ball relative to the obstacle."
AQA_graph_030.png,,,,,,"The diagram labelled Figure 3 shows the Earth and the orbit of a satellite. The Earth is represented as a circle with labelled North Pole, South Pole, and equator. Points X, Y, and Z mark positions along the orbital path, which passes over the poles in a tilted plane relative to the equator. Arrows indicate the direction of orbital motion. The figure represents a polar orbit, where the satellite travels over both poles, useful for mapping and Earth-observation applications.",,
AQA_graph_031.png,,,,,,"The diagram labelled Figure 7 shows a retractable steel tape measure extended over an edge towards the floor. The tape bends under its own weight, forming a curved sagging line. The horizontal and vertical distances are labelled x and y, respectively, while the floor and wall edge are shaded. The figure demonstrates how gravity causes deflection of a flexible tape, and is used to analyse the bending of thin materials or to apply catenary-curve approximations.",,
AQA_graph_032.png,,,,,,"The diagram labelled Figure 9 shows two oscillating electric field waves plotted on the same graph. The horizontal axis is labelled time / 10‚Åª¬π‚Å¥ s and the vertical axis electric field strength. The solid curve represents the incident wave, while the dashed curve shows the reflected wave. The reflected wave is phase-shifted relative to the incident one. The graph demonstrates interference between incident and reflected electromagnetic waves, producing stationary wave patterns on a reflecting surface.",,
AQA_graph_033.png,,,,,,"The diagram labelled Figure 6 shows a pair of oscilloscope control dials. The left dial is marked volts / div with settings from 0.1 V to 20 V and 50 mV to 1 V ranges. The right dial is marked time / div with scales from 0.1 s to 50 Œºs. Each dial has a rotary selector knob and pointer marking the chosen scale. This illustration represents the calibration controls of a cathode-ray oscilloscope (CRO), allowing adjustment of the vertical and horizontal sensitivity when displaying voltage‚Äìtime traces.",,
AQA_graph_034.png,,,,,,"The diagram labelled Figure 4 shows a Wheatstone bridge circuit built with four resistors arranged in a square. The resistors are labelled 2.2 Œ© (AB), 3.9 Œ© (BC), 6.8 Œ© (CD), and 8.2 Œ© (DA). A voltmeter (V) is connected between points X and Y, which are linked to a battery and switch on the left. Two connecting leads with crocodile clips are shown for completing the circuit. The circuit is used to measure an unknown resistance by balancing the bridge when no current flows through the voltmeter.",,
AQA_graph_035.png,,,,,,"The diagram labelled Figure 1 shows a pressure‚Äìvolume (p‚ÄìV) graph for a gas undergoing a thermodynamic process. The horizontal axis is labelled volume / 10‚Åª¬≥ m¬≥ and the vertical axis pressure / 10‚Åµ Pa. The curve passes through three points C, B, and A, with the pressure decreasing as volume increases. Point A is annotated ‚Äúat 27 ¬∞C‚Äù, indicating an isothermal expansion. The graph demonstrates the inverse relationship between pressure and volume consistent with Boyle‚Äôs law, with arrows showing the direction of the process from C ‚Üí A.",,
AQA_graph_036.png,,,,,,"The diagram labelled Figure 3 shows an electrical circuit used for charging or discharging a capacitor. A cell, ammeter (A), and variable resistor are connected in series, with a voltmeter (V) placed in parallel across a capacitor on the right-hand side. A shorting lead is connected across the capacitor to allow it to discharge quickly when required. The setup is used to record the variation of current and voltage with time during capacitor charging and discharging, illustrating exponential decay in current.",,
AQA_graph_037.png,,,,,,"The diagram labelled Figure 1 shows a simple electrical circuit for measuring potential difference across various resistors. A power supply of emf Œµ and internal resistance r connects to a voltmeter V between terminals X and Y. To the right, four resistors of 2.2 Œ©, 3.9 Œ©, 6.8 Œ©, and 8.2 Œ© are shown, representing alternative load resistors that can be connected in the circuit. The switch S allows current to flow when closed. The arrangement enables investigation of how terminal potential difference varies with load resistance and internal resistance of the supply.",,
AQA_graph_038.png,,,,,,"The diagram labelled Figure 1 shows a semicircular glass block placed on a sheet of paper. A single incident ray enters the block through its flat face at the centre, refracts inside the block, and exits as an emergent ray along the curved surface. Both rays are marked with arrows indicating their directions. The setup demonstrates refraction and total internal reflection within a transparent semicircular block, allowing measurement of the critical angle for the material.",,
AQA_graph_039.png,,,,,,"The diagram labelled Figure 7 shows a circuit containing five lamps (A, B, C, D, E) connected to a 9.0 V battery. Lamps A and B are in the top branch, lamps C and D in the bottom branch, and lamp E is positioned vertically between the two branches. The configuration forms a bridge network of bulbs connected in parallel and series combinations. The diagram is used to study potential differences, brightness, and current distribution in complex electrical circuits.",,
AQA_graph_040.png,,,,,,"The diagram labelled Figure 1 shows an experimental setup for investigating the photoelectric effect. It consists of a vacuum photocell containing a wire electrode and an electrode with a photoemissive surface connected in a circuit with a microammeter (¬µA), a voltmeter (V), and a variable voltage supply. The voltmeter measures the potential difference between the electrodes, while the microammeter detects the small photoelectric current produced when light falls on the photoemissive surface, causing electrons to be emitted and collected by the wire electrode. By adjusting the voltage, the stopping potential can be determined, allowing calculation of the maximum kinetic energy of emitted electrons and verification of Einstein‚Äôs photoelectric equation.",,